Emotion_Label,Top,Bottom,Left,Right,Chin
Angry,"[284, 352]","[255, 413]","[225, 372]","[317, 401]","[340, 500]"
Angry,"[400, 219]","[371, 249]","[354, 218]","[400, 254]","[384, 322]"
Angry,"[276, 373]","[232, 459]","[195, 380]","[334, 443]","[329, 506]"
Angry,"[315, 344]","[288, 394]","[270, 346]","[318, 380]","[306, 429]"
Angry,"[345, 331]","[293, 476]","[254, 348]","[375, 446]","[359, 524]"
Angry,"[229, 296]","[193, 414]","[165, 300]","[283, 393]","[297, 492]"
Angry,"[275, 360]","[249, 423]","[215, 380]","[305, 387]","[316, 466]"
Angry,"[241, 353]","[179, 437]","[169, 342]","[253, 435]","[218, 502]"
Angry,"[257, 399]","[218, 431]","[201, 405]","[287, 423]","[303, 520]"
Angry,"[267, 346]","[264, 398]","[222, 374]","[319, 353]","[363, 429]"
Angry,"[233, 347]","[190, 382]","[177, 347]","[253, 390]","[256, 502]"
Angry,"[318, 321]","[303, 353]","[278, 336]","[337, 346]","[346, 415]"
Angry,"[258, 370]","[191, 437]","[166, 362]","[279, 427]","[258, 500]"
Angry,"[183, 385]","[128, 414]","[130, 362]","[190, 431]","[164, 498]"
Angry,"[270, 375]","[226, 408]","[202, 385]","[294, 412]","[304, 511]"
Angry,"[231, 338]","[188, 443]","[162, 353]","[262, 430]","[271, 515]"
Angry,"[267, 371]","[224, 408]","[201, 372]","[293, 399]","[302, 490]"
Angry,"[301, 290]","[211, 464]","[154, 309]","[366, 426]","[337, 526]"
Angry,"[352, 348]","[335, 374]","[311, 361]","[364, 357]","[375, 442]"
Angry,"[266, 418]","[246, 489]","[215, 435]","[310, 464]","[330, 503]"
Angry,"[261, 353]","[233, 397]","[212, 367]","[283, 387]","[298, 469]"
Angry,"[251, 426]","[216, 453]","[203, 424]","[268, 448]","[267, 486]"
Angry,"[188, 421]","[151, 428]","[153, 409]","[189, 447]","[173, 491]"
Angry,"[249, 413]","[207, 464]","[185, 415]","[264, 454]","[251, 506]"
Angry,"[249, 320]","[227, 419]","[199, 338]","[283, 391]","[290, 451]"
Angry,"[191, 338]","[158, 382]","[141, 348]","[220, 374]","[233, 480]"
Angry,"[365, 289]","[307, 382]","[259, 300]","[401, 350]","[397, 483]"
Angry,"[105, 398]","[92, 448]","[73, 403]","[150, 435]","[200, 511]"
Angry,"[260, 351]","[206, 440]","[174, 356]","[304, 428]","[295, 506]"
Angry,"[288, 376]","[256, 428]","[224, 392]","[328, 410]","[362, 500]"
Angry,"[280, 344]","[229, 471]","[182, 359]","[349, 445]","[370, 527]"
Angry,"[237, 344]","[185, 437]","[157, 346]","[277, 423]","[282, 512]"
Angry,"[269, 396]","[227, 437]","[208, 399]","[291, 434]","[299, 503]"
Angry,"[304, 299]","[234, 431]","[195, 307]","[341, 414]","[319, 509]"
Angry,"[250, 362]","[204, 399]","[191, 357]","[259, 396]","[232, 457]"
Angry,"[310, 375]","[278, 420]","[249, 389]","[338, 402]","[351, 495]"
Angry,"[230, 380]","[179, 412]","[169, 372]","[257, 421]","[253, 515]"
Angry,"[232, 369]","[192, 398]","[166, 368]","[259, 393]","[263, 496]"
Angry,"[141, 363]","[119, 409]","[103, 370]","[177, 400]","[226, 491]"
Angry,"[291, 322]","[270, 419]","[219, 354]","[349, 377]","[363, 464]"
Angry,"[254, 393]","[199, 423]","[184, 396]","[273, 426]","[273, 514]"
Angry,"[266, 411]","[232, 456]","[197, 419]","[298, 438]","[318, 504]"
Angry,"[291, 396]","[244, 446]","[204, 409]","[327, 422]","[342, 510]"
Angry,"[215, 372]","[180, 405]","[164, 374]","[245, 404]","[254, 491]"
Angry,"[284, 375]","[242, 430]","[213, 389]","[317, 411]","[351, 505]"
Angry,"[272, 355]","[234, 430]","[204, 374]","[307, 422]","[327, 502]"
Angry,"[277, 322]","[232, 412]","[204, 337]","[307, 399]","[302, 502]"
Angry,"[278, 302]","[243, 366]","[218, 311]","[304, 360]","[316, 444]"
Angry,"[257, 374]","[223, 384]","[204, 378]","[281, 381]","[302, 475]"
Angry,"[194, 321]","[159, 393]","[141, 326]","[224, 388]","[248, 476]"
Angry,"[289, 358]","[245, 459]","[221, 377]","[315, 444]","[318, 513]"
Angry,"[299, 380]","[268, 425]","[236, 398]","[317, 404]","[316, 487]"
Angry,"[268, 385]","[236, 428]","[209, 396]","[300, 417]","[327, 506]"
Angry,"[191, 336]","[185, 389]","[152, 368]","[234, 356]","[273, 448]"
Angry,"[272, 375]","[222, 398]","[193, 382]","[301, 397]","[308, 518]"
Angry,"[257, 350]","[193, 439]","[164, 355]","[300, 433]","[283, 508]"
Angry,"[273, 261]","[226, 403]","[181, 290]","[313, 380]","[325, 493]"
Angry,"[274, 373]","[238, 433]","[214, 386]","[299, 419]","[307, 498]"
Angry,"[268, 365]","[227, 402]","[201, 374]","[300, 395]","[317, 502]"
Angry,"[252, 322]","[240, 415]","[189, 342]","[322, 365]","[355, 458]"
Angry,"[267, 341]","[225, 382]","[206, 340]","[288, 379]","[284, 442]"
Angry,"[263, 324]","[228, 422]","[209, 338]","[285, 404]","[290, 477]"
Angry,"[331, 411]","[260, 427]","[238, 396]","[336, 438]","[307, 505]"
Angry,"[279, 405]","[245, 438]","[227, 413]","[295, 433]","[290, 496]"
Angry,"[297, 349]","[259, 404]","[229, 359]","[325, 394]","[309, 481]"
Angry,"[288, 355]","[239, 439]","[207, 360]","[314, 410]","[300, 498]"
Angry,"[288, 416]","[258, 483]","[213, 442]","[331, 454]","[354, 535]"
Angry,"[297, 349]","[259, 404]","[229, 359]","[325, 394]","[309, 481]"
Angry,"[271, 339]","[231, 380]","[206, 343]","[297, 368]","[301, 447]"
Angry,"[300, 350]","[289, 451]","[243, 389]","[357, 406]","[412, 481]"
Angry,"[265, 338]","[239, 442]","[211, 360]","[304, 417]","[322, 498]"
Angry,"[279, 349]","[228, 456]","[190, 358]","[319, 424]","[303, 503]"
Angry,"[277, 302]","[236, 368]","[213, 313]","[296, 362]","[287, 454]"
Angry,"[336, 389]","[285, 456]","[245, 397]","[363, 426]","[354, 495]"
Angry,"[267, 381]","[214, 413]","[186, 385]","[292, 409]","[294, 504]"
Angry,"[276, 321]","[254, 344]","[236, 327]","[295, 336]","[309, 393]"
Angry,"[258, 320]","[236, 403]","[197, 340]","[324, 371]","[350, 481]"
Angry,"[285, 359]","[256, 375]","[242, 366]","[306, 374]","[317, 418]"
Angry,"[266, 378]","[203, 443]","[191, 375]","[282, 435]","[270, 497]"
Angry,"[273, 394]","[253, 426]","[227, 406]","[307, 411]","[331, 498]"
Angry,"[290, 375]","[262, 397]","[239, 386]","[313, 395]","[330, 504]"
Angry,"[156, 391]","[162, 440]","[139, 406]","[213, 421]","[297, 498]"
Angry,"[242, 375]","[210, 398]","[190, 379]","[263, 393]","[272, 458]"
Angry,"[265, 358]","[226, 396]","[209, 361]","[284, 388]","[278, 473]"
Angry,"[180, 376]","[163, 419]","[139, 376]","[228, 415]","[250, 487]"
Angry,"[343, 358]","[295, 453]","[249, 382]","[373, 433]","[367, 509]"
Angry,"[273, 376]","[228, 432]","[208, 386]","[299, 434]","[310, 513]"
Angry,"[156, 391]","[162, 440]","[139, 406]","[213, 421]","[297, 498]"
Angry,"[286, 338]","[229, 420]","[199, 346]","[323, 420]","[317, 511]"
Angry,"[290, 404]","[255, 454]","[221, 422]","[332, 443]","[358, 512]"
Angry,"[386, 409]","[372, 462]","[317, 443]","[439, 412]","[483, 486]"
Angry,"[284, 354]","[209, 445]","[183, 354]","[309, 438]","[268, 504]"
Angry,"[283, 393]","[241, 438]","[214, 397]","[297, 431]","[295, 506]"
Angry,"[249, 413]","[207, 464]","[185, 415]","[264, 454]","[251, 506]"
Angry,"[249, 320]","[227, 419]","[199, 338]","[283, 391]","[290, 451]"
Angry,"[262, 343]","[208, 392]","[180, 357]","[301, 387]","[312, 509]"
Angry,"[218, 308]","[182, 390]","[161, 317]","[247, 376]","[257, 452]"
Angry,"[276, 384]","[233, 433]","[209, 389]","[304, 424]","[305, 503]"
Angry,"[271, 380]","[234, 422]","[209, 381]","[306, 419]","[324, 490]"
Angry,"[223, 384]","[187, 405]","[167, 399]","[260, 409]","[307, 507]"
Angry,"[135, 344]","[95, 385]","[95, 330]","[153, 406]","[159, 469]"
Angry,"[273, 363]","[226, 434]","[195, 367]","[306, 413]","[307, 509]"
Angry,"[253, 313]","[213, 390]","[181, 329]","[289, 367]","[299, 461]"
Angry,"[103, 279]","[87, 309]","[71, 283]","[133, 303]","[161, 384]"
Angry,"[251, 386]","[201, 443]","[164, 403]","[296, 432]","[305, 506]"
Angry,"[286, 339]","[250, 411]","[223, 348]","[309, 391]","[315, 468]"
Angry,"[343, 358]","[295, 453]","[249, 382]","[373, 433]","[367, 509]"
Angry,"[292, 331]","[246, 397]","[219, 347]","[316, 391]","[322, 495]"
Angry,"[303, 374]","[258, 419]","[232, 378]","[319, 415]","[315, 503]"
Angry,"[288, 392]","[244, 448]","[213, 400]","[314, 439]","[310, 508]"
Angry,"[371, 345]","[332, 431]","[281, 368]","[407, 394]","[410, 506]"
Angry,"[276, 373]","[232, 459]","[195, 380]","[334, 443]","[329, 506]"
Angry,"[219, 335]","[199, 393]","[173, 360]","[258, 379]","[303, 501]"
Angry,"[272, 355]","[234, 430]","[204, 374]","[307, 422]","[327, 502]"
Angry,"[268, 385]","[247, 423]","[230, 401]","[302, 423]","[336, 502]"
Angry,"[186, 343]","[153, 403]","[130, 347]","[227, 395]","[248, 475]"
Angry,"[170, 359]","[131, 417]","[117, 357]","[196, 417]","[204, 503]"
Angry,"[238, 331]","[187, 380]","[168, 336]","[261, 383]","[263, 499]"
Angry,"[262, 385]","[209, 465]","[186, 384]","[286, 450]","[270, 510]"
Angry,"[297, 400]","[251, 443]","[225, 406]","[318, 448]","[322, 501]"
Angry,"[222, 365]","[185, 394]","[177, 361]","[228, 399]","[215, 453]"
Angry,"[267, 378]","[228, 437]","[202, 386]","[299, 416]","[319, 495]"
Angry,"[255, 274]","[223, 370]","[191, 293]","[291, 345]","[303, 435]"
Angry,"[259, 348]","[209, 421]","[188, 351]","[289, 422]","[299, 500]"
Angry,"[270, 318]","[224, 429]","[193, 346]","[312, 414]","[325, 510]"
Angry,"[238, 360]","[184, 438]","[180, 358]","[228, 431]","[188, 501]"
Angry,"[310, 367]","[285, 423]","[251, 395]","[354, 404]","[391, 499]"
Angry,"[322, 353]","[287, 398]","[265, 361]","[338, 393]","[333, 465]"
Angry,"[260, 323]","[190, 422]","[155, 325]","[302, 402]","[282, 500]"
Angry,"[249, 413]","[207, 464]","[185, 415]","[264, 454]","[251, 506]"
Angry,"[293, 380]","[238, 436]","[219, 376]","[293, 426]","[274, 509]"
Angry,"[238, 407]","[179, 467]","[167, 408]","[264, 466]","[250, 533]"
Angry,"[273, 414]","[231, 458]","[198, 424]","[305, 449]","[324, 512]"
Angry,"[291, 293]","[245, 396]","[215, 303]","[323, 372]","[320, 461]"
Angry,"[361, 370]","[317, 455]","[279, 382]","[398, 441]","[395, 503]"
Angry,"[258, 382]","[226, 392]","[210, 379]","[277, 392]","[275, 465]"
Angry,"[277, 355]","[247, 420]","[226, 371]","[315, 404]","[328, 505]"
Angry,"[272, 332]","[242, 413]","[215, 353]","[300, 401]","[310, 497]"
Angry,"[294, 404]","[237, 465]","[205, 411]","[328, 450]","[331, 525]"
Angry,"[279, 372]","[224, 474]","[189, 388]","[317, 450]","[327, 514]"
Angry,"[243, 387]","[232, 441]","[207, 406]","[287, 422]","[338, 497]"
Angry,"[275, 387]","[217, 412]","[215, 369]","[264, 432]","[221, 508]"
Angry,"[261, 361]","[212, 455]","[191, 371]","[285, 446]","[282, 512]"
Angry,"[285, 375]","[239, 456]","[207, 392]","[313, 432]","[318, 500]"
Angry,"[273, 261]","[226, 403]","[181, 290]","[313, 380]","[325, 493]"
Angry,"[261, 356]","[223, 419]","[201, 366]","[285, 409]","[285, 487]"
Angry,"[301, 356]","[258, 405]","[240, 354]","[313, 384]","[287, 439]"
Angry,"[261, 304]","[214, 414]","[189, 315]","[296, 390]","[300, 503]"
Angry,"[301, 330]","[239, 436]","[199, 342]","[335, 416]","[317, 497]"
Angry,"[280, 385]","[232, 427]","[201, 392]","[307, 419]","[309, 499]"
Angry,"[249, 354]","[212, 376]","[198, 356]","[267, 378]","[272, 492]"
Angry,"[260, 353]","[226, 391]","[206, 355]","[287, 382]","[296, 466]"
Angry,"[311, 411]","[249, 456]","[223, 415]","[314, 446]","[272, 508]"
Angry,"[239, 408]","[218, 429]","[202, 415]","[258, 429]","[281, 473]"
Angry,"[266, 363]","[220, 420]","[195, 372]","[295, 402]","[299, 500]"
Angry,"[321, 391]","[299, 440]","[263, 414]","[359, 414]","[396, 492]"
Angry,"[243, 347]","[224, 419]","[188, 377]","[300, 388]","[343, 500]"
Angry,"[235, 393]","[194, 432]","[176, 398]","[267, 431]","[264, 508]"
Angry,"[223, 375]","[176, 399]","[162, 366]","[236, 407]","[222, 509]"
Angry,"[339, 360]","[307, 369]","[293, 356]","[334, 370]","[310, 426]"
Angry,"[301, 277]","[232, 458]","[193, 290]","[334, 411]","[302, 513]"
Angry,"[273, 381]","[234, 439]","[221, 389]","[283, 444]","[271, 505]"
Angry,"[288, 284]","[244, 328]","[215, 284]","[319, 313]","[312, 378]"
Angry,"[277, 379]","[241, 427]","[211, 394]","[312, 409]","[321, 506]"
Angry,"[301, 366]","[283, 420]","[255, 389]","[338, 400]","[364, 494]"
Angry,"[186, 322]","[129, 369]","[127, 303]","[209, 380]","[183, 487]"
Angry,"[332, 346]","[268, 455]","[230, 351]","[361, 431]","[338, 521]"
Angry,"[239, 339]","[214, 401]","[195, 354]","[269, 393]","[290, 495]"
Angry,"[287, 345]","[274, 394]","[241, 360]","[317, 370]","[336, 442]"
Angry,"[266, 357]","[212, 466]","[187, 366]","[298, 448]","[284, 516]"
Angry,"[237, 375]","[218, 445]","[188, 404]","[283, 423]","[313, 508]"
Angry,"[264, 333]","[210, 422]","[185, 331]","[307, 407]","[293, 500]"
Angry,"[229, 332]","[199, 372]","[179, 337]","[254, 355]","[272, 421]"
Angry,"[124, 383]","[92, 406]","[89, 381]","[148, 412]","[167, 508]"
Angry,"[203, 367]","[114, 401]","[117, 349]","[212, 431]","[178, 512]"
Angry,"[297, 349]","[259, 404]","[229, 359]","[325, 394]","[309, 481]"
Angry,"[111, 189]","[97, 258]","[79, 197]","[149, 254]","[172, 329]"
Angry,"[314, 363]","[278, 413]","[235, 382]","[357, 390]","[373, 492]"
Angry,"[252, 322]","[240, 415]","[189, 342]","[322, 365]","[355, 458]"
Angry,"[291, 359]","[235, 434]","[208, 365]","[316, 426]","[300, 511]"
Angry,"[275, 237]","[223, 382]","[199, 249]","[300, 360]","[280, 461]"
Angry,"[290, 326]","[246, 397]","[218, 341]","[321, 386]","[321, 471]"
Angry,"[255, 388]","[217, 451]","[194, 396]","[293, 440]","[304, 511]"
Angry,"[267, 341]","[206, 392]","[167, 352]","[298, 391]","[292, 513]"
Angry,"[283, 385]","[253, 429]","[224, 400]","[315, 415]","[345, 496]"
Angry,"[282, 332]","[229, 435]","[200, 339]","[317, 408]","[302, 497]"
Angry,"[350, 345]","[314, 380]","[291, 348]","[361, 378]","[353, 456]"
Angry,"[283, 331]","[220, 461]","[178, 349]","[321, 437]","[303, 519]"
Angry,"[300, 334]","[259, 434]","[211, 351]","[346, 392]","[338, 464]"
Angry,"[291, 353]","[258, 421]","[228, 370]","[324, 400]","[331, 471]"
Angry,"[222, 312]","[212, 379]","[190, 322]","[272, 365]","[295, 438]"
Angry,"[452, 372]","[419, 425]","[399, 378]","[449, 407]","[429, 477]"
Angry,"[315, 281]","[259, 469]","[207, 316]","[376, 413]","[385, 518]"
Angry,"[169, 361]","[154, 403]","[144, 363]","[203, 404]","[239, 486]"
Angry,"[324, 278]","[315, 381]","[269, 318]","[366, 329]","[397, 395]"
Angry,"[247, 407]","[206, 417]","[194, 399]","[267, 433]","[292, 501]"
Angry,"[310, 371]","[292, 451]","[257, 396]","[350, 427]","[380, 492]"
Angry,"[308, 388]","[282, 433]","[248, 410]","[337, 414]","[368, 507]"
Angry,"[170, 365]","[162, 411]","[143, 379]","[211, 398]","[261, 489]"
Angry,"[258, 357]","[206, 398]","[183, 352]","[289, 396]","[291, 507]"
Angry,"[300, 357]","[270, 445]","[234, 381]","[326, 423]","[328, 507]"
Angry,"[203, 404]","[171, 440]","[156, 397]","[241, 446]","[251, 502]"
Angry,"[281, 357]","[230, 417]","[200, 363]","[302, 404]","[284, 507]"
Angry,"[291, 373]","[247, 437]","[207, 383]","[319, 415]","[326, 510]"
Angry,"[324, 395]","[288, 425]","[269, 399]","[322, 422]","[311, 498]"
Angry,"[259, 356]","[202, 449]","[177, 358]","[299, 433]","[275, 509]"
Angry,"[266, 390]","[227, 443]","[202, 403]","[294, 437]","[297, 509]"
Happy,"[312, 422]","[244, 484]","[188, 429]","[362, 446]","[329, 557]"
Happy,"[296, 374]","[245, 448]","[201, 379]","[349, 415]","[351, 497]"
Happy,"[286, 351]","[236, 425]","[198, 358]","[328, 401]","[317, 496]"
Happy,"[258, 328]","[208, 400]","[184, 326]","[282, 393]","[268, 482]"
Happy,"[242, 302]","[198, 411]","[151, 328]","[306, 376]","[305, 496]"
Happy,"[284, 390]","[220, 466]","[179, 400]","[314, 453]","[296, 512]"
Happy,"[263, 354]","[220, 415]","[193, 360]","[296, 405]","[296, 497]"
Happy,"[243, 333]","[191, 389]","[167, 329]","[264, 389]","[238, 480]"
Happy,"[276, 341]","[226, 462]","[189, 352]","[308, 427]","[298, 504]"
Happy,"[196, 367]","[172, 408]","[154, 364]","[236, 400]","[257, 463]"
Happy,"[308, 358]","[261, 449]","[213, 376]","[338, 419]","[341, 507]"
Happy,"[357, 352]","[284, 426]","[248, 352]","[378, 421]","[352, 509]"
Happy,"[278, 325]","[225, 368]","[197, 320]","[311, 360]","[306, 477]"
Happy,"[308, 376]","[271, 434]","[231, 399]","[357, 406]","[382, 500]"
Happy,"[220, 373]","[179, 400]","[158, 372]","[253, 397]","[253, 503]"
Happy,"[286, 389]","[213, 451]","[178, 383]","[315, 429]","[299, 507]"
Happy,"[271, 362]","[222, 463]","[181, 370]","[322, 435]","[311, 512]"
Happy,"[281, 322]","[236, 396]","[196, 324]","[316, 360]","[302, 440]"
Happy,"[279, 375]","[229, 451]","[190, 378]","[312, 423]","[305, 494]"
Happy,"[235, 349]","[201, 391]","[173, 350]","[284, 366]","[312, 476]"
Happy,"[283, 375]","[239, 453]","[201, 388]","[342, 423]","[334, 512]"
Happy,"[277, 349]","[224, 428]","[193, 351]","[322, 406]","[301, 502]"
Happy,"[270, 374]","[210, 446]","[178, 372]","[308, 429]","[282, 503]"
Happy,"[299, 362]","[247, 434]","[205, 368]","[334, 404]","[336, 499]"
Happy,"[326, 378]","[259, 479]","[198, 399]","[372, 437]","[370, 536]"
Happy,"[291, 282]","[247, 356]","[214, 288]","[315, 344]","[317, 445]"
Happy,"[270, 370]","[209, 443]","[173, 366]","[315, 420]","[296, 503]"
Happy,"[250, 366]","[195, 446]","[158, 370]","[308, 424]","[293, 511]"
Happy,"[333, 331]","[302, 430]","[238, 361]","[397, 379]","[411, 489]"
Happy,"[285, 355]","[236, 429]","[198, 365]","[319, 413]","[309, 508]"
Happy,"[274, 368]","[214, 434]","[176, 367]","[305, 409]","[291, 506]"
Happy,"[269, 376]","[229, 415]","[199, 389]","[303, 404]","[326, 512]"
Happy,"[365, 332]","[332, 409]","[274, 353]","[416, 369]","[437, 499]"
Happy,"[240, 335]","[170, 374]","[156, 315]","[255, 390]","[232, 497]"
Happy,"[261, 371]","[185, 434]","[160, 356]","[274, 423]","[244, 504]"
Happy,"[298, 375]","[250, 443]","[214, 383]","[328, 421]","[328, 505]"
Happy,"[177, 296]","[117, 368]","[99, 286]","[218, 370]","[203, 496]"
Happy,"[343, 203]","[322, 269]","[290, 220]","[363, 245]","[374, 304]"
Happy,"[266, 375]","[230, 402]","[204, 380]","[300, 395]","[296, 448]"
Happy,"[244, 325]","[172, 455]","[136, 330]","[302, 439]","[296, 517]"
Happy,"[390, 345]","[330, 388]","[309, 326]","[397, 398]","[375, 482]"
Happy,"[270, 352]","[223, 405]","[195, 351]","[306, 398]","[299, 489]"
Happy,"[230, 343]","[195, 387]","[175, 345]","[252, 379]","[245, 445]"
Happy,"[347, 372]","[274, 422]","[250, 354]","[370, 420]","[331, 499]"
Happy,"[264, 325]","[206, 445]","[176, 331]","[293, 429]","[268, 506]"
Happy,"[279, 317]","[227, 392]","[190, 332]","[328, 386]","[318, 507]"
Happy,"[262, 375]","[213, 421]","[186, 368]","[297, 417]","[275, 497]"
Happy,"[244, 395]","[188, 403]","[168, 385]","[266, 410]","[258, 514]"
Happy,"[281, 382]","[210, 417]","[180, 373]","[303, 414]","[266, 512]"
Happy,"[244, 359]","[200, 427]","[174, 365]","[272, 414]","[265, 496]"
Happy,"[281, 386]","[224, 459]","[196, 379]","[332, 453]","[319, 525]"
Happy,"[259, 349]","[165, 450]","[147, 325]","[267, 431]","[214, 514]"
Happy,"[290, 350]","[243, 441]","[206, 358]","[342, 412]","[344, 501]"
Happy,"[275, 374]","[218, 427]","[186, 374]","[317, 408]","[311, 515]"
Happy,"[334, 392]","[284, 450]","[258, 392]","[342, 437]","[318, 504]"
Happy,"[285, 286]","[235, 390]","[183, 308]","[348, 352]","[349, 496]"
Happy,"[326, 354]","[294, 448]","[239, 380]","[378, 405]","[399, 493]"
Happy,"[264, 331]","[243, 449]","[202, 356]","[316, 413]","[333, 492]"
Happy,"[292, 363]","[250, 416]","[213, 367]","[314, 394]","[311, 495]"
Happy,"[258, 415]","[155, 477]","[119, 387]","[285, 469]","[235, 549]"
Happy,"[229, 386]","[141, 454]","[127, 353]","[248, 450]","[196, 525]"
Happy,"[295, 353]","[256, 399]","[222, 364]","[319, 392]","[325, 496]"
Happy,"[296, 354]","[259, 425]","[225, 370]","[322, 401]","[314, 496]"
Happy,"[258, 415]","[155, 477]","[119, 387]","[285, 469]","[235, 549]"
Happy,"[278, 370]","[225, 459]","[191, 374]","[316, 443]","[308, 506]"
Happy,"[246, 368]","[178, 443]","[156, 356]","[291, 440]","[255, 516]"
Happy,"[245, 320]","[201, 442]","[163, 337]","[304, 420]","[293, 506]"
Happy,"[216, 330]","[165, 392]","[141, 336]","[247, 378]","[237, 462]"
Happy,"[253, 361]","[207, 416]","[187, 356]","[300, 412]","[280, 515]"
Happy,"[276, 343]","[252, 426]","[219, 357]","[314, 394]","[323, 459]"
Happy,"[334, 310]","[310, 407]","[250, 350]","[372, 354]","[386, 459]"
Happy,"[246, 352]","[179, 431]","[155, 344]","[270, 419]","[237, 503]"
Happy,"[276, 348]","[218, 411]","[190, 343]","[299, 404]","[276, 504]"
Happy,"[238, 382]","[184, 425]","[168, 366]","[272, 422]","[262, 505]"
Happy,"[252, 350]","[179, 432]","[158, 344]","[293, 430]","[259, 513]"
Happy,"[291, 356]","[242, 436]","[203, 367]","[332, 408]","[319, 498]"
Happy,"[226, 352]","[190, 371]","[166, 357]","[256, 367]","[272, 476]"
Happy,"[212, 292]","[182, 368]","[168, 305]","[235, 359]","[238, 439]"
Happy,"[332, 329]","[291, 433]","[235, 350]","[380, 388]","[378, 487]"
Happy,"[246, 352]","[179, 431]","[155, 344]","[270, 419]","[237, 503]"
Happy,"[277, 334]","[222, 395]","[184, 347]","[319, 382]","[312, 499]"
Happy,"[298, 358]","[250, 424]","[210, 369]","[341, 398]","[344, 509]"
Happy,"[291, 359]","[231, 438]","[190, 360]","[326, 408]","[315, 506]"
Happy,"[269, 385]","[211, 434]","[183, 381]","[298, 420]","[282, 515]"
Happy,"[356, 326]","[302, 358]","[296, 309]","[343, 360]","[299, 422]"
Happy,"[316, 342]","[276, 413]","[225, 358]","[356, 368]","[357, 475]"
Happy,"[162, 342]","[144, 394]","[126, 351]","[199, 381]","[222, 456]"
Happy,"[275, 366]","[210, 437]","[185, 356]","[299, 425]","[276, 515]"
Happy,"[284, 323]","[265, 408]","[218, 346]","[347, 366]","[374, 460]"
Happy,"[225, 329]","[192, 352]","[169, 328]","[252, 344]","[247, 419]"
Happy,"[265, 270]","[224, 358]","[198, 283]","[298, 340]","[297, 434]"
Happy,"[291, 334]","[239, 396]","[208, 336]","[319, 377]","[315, 491]"
Happy,"[244, 359]","[200, 427]","[174, 365]","[272, 414]","[265, 496]"
Happy,"[246, 356]","[217, 416]","[186, 369]","[287, 393]","[289, 479]"
Happy,"[283, 375]","[239, 453]","[201, 388]","[342, 423]","[334, 512]"
Happy,"[277, 349]","[224, 428]","[193, 351]","[322, 406]","[301, 502]"
Happy,"[300, 332]","[272, 418]","[221, 356]","[363, 369]","[378, 483]"
Happy,"[276, 367]","[229, 451]","[198, 371]","[301, 435]","[295, 513]"
Happy,"[297, 379]","[257, 442]","[215, 392]","[342, 412]","[349, 504]"
Happy,"[387, 376]","[340, 440]","[319, 383]","[385, 416]","[339, 481]"
Happy,"[251, 369]","[166, 435]","[144, 344]","[277, 432]","[227, 510]"
Happy,"[277, 333]","[223, 459]","[197, 340]","[309, 432]","[289, 504]"
Happy,"[275, 363]","[224, 440]","[190, 371]","[323, 421]","[323, 513]"
Happy,"[306, 382]","[258, 438]","[217, 395]","[338, 414]","[337, 511]"
Happy,"[142, 336]","[83, 390]","[71, 323]","[169, 393]","[142, 489]"
Happy,"[258, 373]","[203, 442]","[174, 380]","[299, 436]","[285, 527]"
Happy,"[294, 360]","[235, 452]","[195, 365]","[322, 424]","[307, 505]"
Happy,"[271, 373]","[223, 412]","[200, 379]","[305, 409]","[315, 510]"
Happy,"[326, 354]","[294, 448]","[239, 380]","[378, 405]","[399, 493]"
Happy,"[265, 367]","[215, 440]","[196, 364]","[283, 430]","[254, 498]"
Happy,"[286, 385]","[225, 459]","[186, 389]","[328, 431]","[313, 512]"
Happy,"[225, 356]","[172, 417]","[161, 348]","[263, 418]","[243, 506]"
Happy,"[257, 384]","[215, 426]","[188, 385]","[288, 411]","[277, 498]"
Happy,"[269, 385]","[211, 434]","[183, 381]","[298, 420]","[282, 515]"
Happy,"[337, 342]","[291, 412]","[261, 345]","[366, 392]","[348, 479]"
Happy,"[290, 366]","[236, 475]","[179, 385]","[334, 435]","[315, 505]"
Happy,"[269, 362]","[221, 420]","[190, 371]","[305, 413]","[306, 511]"
Happy,"[324, 316]","[286, 421]","[226, 347]","[384, 383]","[397, 493]"
Happy,"[268, 328]","[194, 412]","[173, 320]","[290, 422]","[242, 508]"
Happy,"[309, 347]","[269, 407]","[225, 357]","[349, 371]","[347, 453]"
Happy,"[361, 223]","[334, 315]","[286, 252]","[391, 275]","[411, 373]"
Happy,"[230, 343]","[195, 387]","[175, 345]","[252, 379]","[245, 445]"
Happy,"[266, 376]","[197, 456]","[168, 373]","[292, 443]","[259, 514]"
Happy,"[290, 374]","[238, 422]","[205, 376]","[314, 407]","[309, 498]"
Happy,"[246, 373]","[207, 439]","[182, 380]","[296, 425]","[299, 509]"
Happy,"[359, 351]","[303, 452]","[263, 358]","[382, 422]","[368, 501]"
Happy,"[294, 361]","[250, 432]","[206, 369]","[349, 399]","[349, 498]"
Happy,"[280, 403]","[239, 447]","[205, 406]","[313, 424]","[305, 499]"
Happy,"[260, 344]","[217, 446]","[189, 351]","[309, 425]","[298, 505]"
Happy,"[279, 360]","[222, 424]","[189, 361]","[313, 404]","[309, 507]"
Happy,"[323, 324]","[289, 393]","[231, 349]","[368, 357]","[396, 476]"
Happy,"[347, 414]","[281, 502]","[224, 423]","[401, 466]","[376, 558]"
Happy,"[282, 370]","[218, 437]","[183, 367]","[315, 420]","[300, 505]"
Happy,"[282, 330]","[226, 401]","[190, 332]","[324, 383]","[304, 496]"
Happy,"[278, 402]","[282, 439]","[244, 428]","[326, 399]","[370, 459]"
Happy,"[275, 355]","[221, 429]","[188, 360]","[320, 408]","[313, 501]"
Happy,"[334, 364]","[296, 437]","[234, 402]","[398, 397]","[426, 513]"
Happy,"[288, 324]","[242, 386]","[209, 333]","[331, 359]","[338, 492]"
Happy,"[283, 375]","[239, 453]","[201, 388]","[342, 423]","[334, 512]"
Happy,"[258, 364]","[229, 404]","[197, 382]","[294, 385]","[298, 460]"
Happy,"[237, 342]","[153, 402]","[147, 308]","[243, 408]","[177, 502]"
Happy,"[287, 343]","[257, 420]","[221, 367]","[340, 387]","[357, 494]"
Happy,"[281, 345]","[229, 438]","[199, 361]","[310, 431]","[303, 523]"
Happy,"[244, 344]","[213, 429]","[176, 356]","[308, 403]","[324, 504]"
Happy,"[253, 334]","[204, 420]","[174, 341]","[307, 405]","[297, 509]"
Happy,"[275, 353]","[222, 469]","[184, 361]","[319, 440]","[308, 512]"
Happy,"[336, 292]","[299, 390]","[269, 312]","[366, 376]","[369, 438]"
Happy,"[205, 310]","[179, 341]","[171, 303]","[227, 346]","[217, 410]"
Happy,"[267, 376]","[204, 444]","[176, 366]","[303, 427]","[284, 503]"
Happy,"[142, 336]","[83, 390]","[71, 323]","[169, 393]","[142, 489]"
Happy,"[331, 268]","[294, 340]","[263, 282]","[333, 306]","[315, 390]"
Happy,"[323, 338]","[304, 410]","[256, 373]","[367, 366]","[390, 468]"
Happy,"[259, 349]","[165, 450]","[147, 325]","[267, 431]","[214, 514]"
Happy,"[280, 329]","[220, 436]","[177, 350]","[325, 425]","[311, 508]"
Happy,"[267, 363]","[239, 428]","[198, 387]","[324, 405]","[343, 506]"
Happy,"[239, 356]","[189, 400]","[168, 343]","[273, 401]","[254, 499]"
Happy,"[236, 343]","[196, 423]","[175, 351]","[279, 417]","[275, 504]"
Happy,"[143, 348]","[96, 418]","[76, 348]","[194, 415]","[157, 509]"
Happy,"[209, 228]","[152, 287]","[154, 218]","[215, 310]","[176, 400]"
Happy,"[277, 384]","[221, 464]","[178, 384]","[336, 445]","[323, 506]"
Happy,"[292, 322]","[242, 357]","[218, 316]","[320, 349]","[316, 462]"
Happy,"[252, 302]","[210, 363]","[185, 299]","[290, 347]","[268, 436]"
Happy,"[270, 386]","[232, 414]","[206, 386]","[294, 408]","[307, 503]"
Happy,"[319, 320]","[278, 370]","[252, 319]","[328, 354]","[312, 449]"
Happy,"[274, 333]","[227, 383]","[199, 336]","[301, 369]","[289, 453]"
Happy,"[308, 367]","[263, 454]","[216, 383]","[349, 416]","[343, 510]"
Happy,"[307, 308]","[256, 397]","[223, 311]","[337, 375]","[329, 466]"
Happy,"[186, 347]","[166, 425]","[124, 385]","[253, 406]","[289, 503]"
Happy,"[291, 386]","[236, 441]","[196, 389]","[321, 422]","[308, 503]"
Happy,"[307, 319]","[281, 378]","[242, 338]","[332, 343]","[336, 419]"
Happy,"[309, 382]","[255, 442]","[227, 391]","[320, 416]","[296, 496]"
Happy,"[216, 407]","[179, 444]","[163, 395]","[260, 448]","[262, 503]"
Happy,"[307, 343]","[264, 420]","[217, 352]","[353, 379]","[347, 486]"
Happy,"[274, 357]","[234, 408]","[203, 366]","[306, 391]","[310, 494]"
Happy,"[306, 382]","[258, 438]","[217, 395]","[338, 414]","[337, 511]"
Happy,"[271, 369]","[226, 447]","[186, 384]","[323, 417]","[334, 508]"
Happy,"[243, 362]","[167, 427]","[146, 344]","[274, 428]","[232, 511]"
Happy,"[265, 344]","[234, 432]","[211, 359]","[320, 409]","[329, 514]"
Happy,"[298, 350]","[256, 420]","[217, 356]","[346, 397]","[340, 489]"
Happy,"[164, 358]","[120, 387]","[115, 341]","[193, 398]","[169, 481]"
Happy,"[286, 362]","[234, 427]","[199, 366]","[319, 410]","[304, 504]"
Happy,"[237, 350]","[177, 407]","[156, 332]","[271, 395]","[239, 480]"
Happy,"[218, 332]","[169, 387]","[154, 328]","[239, 385]","[223, 479]"
Happy,"[268, 376]","[210, 484]","[179, 384]","[307, 465]","[294, 528]"
Happy,"[284, 371]","[223, 453]","[175, 380]","[326, 434]","[326, 525]"
Happy,"[273, 350]","[214, 442]","[176, 354]","[316, 428]","[299, 509]"
Happy,"[281, 338]","[237, 478]","[192, 362]","[331, 444]","[332, 517]"
Happy,"[294, 372]","[246, 420]","[205, 377]","[329, 402]","[321, 496]"
Happy,"[258, 415]","[155, 477]","[119, 387]","[285, 469]","[235, 549]"
Happy,"[199, 343]","[174, 425]","[139, 354]","[247, 403]","[255, 498]"
Happy,"[274, 372]","[230, 460]","[198, 379]","[317, 441]","[326, 505]"
Happy,"[246, 335]","[191, 391]","[178, 323]","[269, 390]","[235, 488]"
Happy,"[279, 317]","[227, 392]","[190, 332]","[328, 386]","[318, 507]"
Happy,"[263, 361]","[191, 434]","[159, 352]","[300, 427]","[269, 507]"
Happy,"[285, 323]","[208, 434]","[166, 321]","[337, 408]","[304, 512]"
Happy,"[284, 353]","[238, 427]","[203, 365]","[290, 401]","[281, 485]"
Happy,"[266, 366]","[224, 434]","[187, 384]","[317, 412]","[338, 506]"
Happy,"[275, 374]","[218, 427]","[186, 374]","[317, 408]","[311, 515]"
Happy,"[288, 363]","[231, 433]","[193, 368]","[331, 411]","[321, 505]"
Happy,"[251, 330]","[195, 411]","[166, 337]","[301, 397]","[299, 508]"
Happy,"[230, 340]","[166, 394]","[150, 327]","[253, 390]","[221, 472]"
Happy,"[249, 382]","[185, 458]","[163, 371]","[285, 454]","[256, 528]"
Happy,"[290, 304]","[267, 349]","[233, 322]","[317, 335]","[337, 444]"
Happy,"[243, 301]","[169, 372]","[153, 284]","[271, 371]","[229, 501]"
Happy,"[300, 353]","[242, 414]","[216, 342]","[319, 409]","[292, 484]"
Happy,"[413, 351]","[369, 421]","[335, 352]","[426, 394]","[414, 493]"
Happy,"[277, 361]","[216, 435]","[182, 357]","[314, 416]","[306, 507]"
Happy,"[245, 352]","[187, 424]","[168, 343]","[285, 416]","[257, 520]"
Happy,"[247, 352]","[196, 423]","[167, 355]","[280, 409]","[267, 503]"
Happy,"[275, 373]","[218, 441]","[191, 372]","[308, 431]","[295, 509]"
Happy,"[235, 358]","[192, 403]","[167, 359]","[274, 390]","[275, 499]"
Happy,"[204, 337]","[174, 397]","[156, 340]","[248, 389]","[269, 490]"
Happy,"[293, 366]","[250, 447]","[211, 381]","[343, 417]","[354, 505]"
Happy,"[270, 360]","[205, 429]","[174, 355]","[298, 417]","[281, 507]"
Happy,"[238, 368]","[165, 481]","[152, 363]","[265, 479]","[215, 537]"
Happy,"[276, 355]","[207, 454]","[178, 350]","[308, 437]","[280, 515]"
Happy,"[278, 306]","[236, 448]","[181, 338]","[329, 414]","[349, 499]"
Happy,"[275, 378]","[212, 448]","[184, 366]","[317, 446]","[302, 514]"
Happy,"[290, 372]","[246, 418]","[202, 374]","[330, 396]","[320, 493]"
Happy,"[268, 277]","[248, 333]","[198, 319]","[326, 297]","[366, 443]"
Happy,"[231, 299]","[203, 333]","[178, 310]","[258, 318]","[257, 391]"
Happy,"[160, 318]","[129, 385]","[113, 322]","[195, 380]","[191, 469]"
Happy,"[263, 340]","[216, 427]","[184, 354]","[305, 413]","[296, 511]"
Happy,"[243, 355]","[172, 425]","[156, 341]","[268, 420]","[238, 509]"
Happy,"[348, 345]","[302, 411]","[271, 353]","[362, 382]","[346, 486]"
Happy,"[338, 375]","[290, 424]","[261, 369]","[354, 412]","[342, 503]"
Happy,"[263, 356]","[192, 419]","[171, 341]","[290, 417]","[255, 504]"
Happy,"[302, 349]","[273, 442]","[226, 379]","[364, 400]","[385, 501]"
Happy,"[280, 331]","[216, 382]","[208, 313]","[296, 390]","[258, 470]"
Happy,"[266, 371]","[216, 419]","[188, 381]","[296, 427]","[285, 507]"
Happy,"[286, 361]","[234, 427]","[198, 369]","[319, 403]","[295, 473]"
Neutral,"[305, 357]","[274, 416]","[247, 372]","[313, 401]","[308, 488]"
Neutral,"[309, 374]","[267, 426]","[240, 383]","[331, 413]","[339, 500]"
Neutral,"[274, 396]","[223, 420]","[202, 391]","[293, 417]","[287, 505]"
Neutral,"[259, 373]","[215, 405]","[192, 377]","[287, 402]","[298, 502]"
Neutral,"[300, 353]","[265, 384]","[248, 349]","[319, 389]","[302, 489]"
Neutral,"[280, 427]","[220, 446]","[197, 433]","[311, 448]","[317, 531]"
Neutral,"[273, 362]","[232, 432]","[197, 381]","[313, 420]","[326, 510]"
Neutral,"[264, 376]","[213, 406]","[195, 368]","[274, 414]","[269, 500]"
Neutral,"[289, 356]","[257, 426]","[223, 378]","[327, 399]","[345, 493]"
Neutral,"[262, 365]","[225, 409]","[196, 381]","[291, 394]","[289, 487]"
Neutral,"[302, 385]","[262, 430]","[232, 394]","[317, 415]","[305, 502]"
Neutral,"[276, 365]","[239, 415]","[212, 379]","[296, 408]","[294, 497]"
Neutral,"[246, 378]","[205, 429]","[185, 381]","[280, 427]","[302, 507]"
Neutral,"[259, 340]","[229, 398]","[210, 351]","[282, 382]","[285, 424]"
Neutral,"[256, 410]","[218, 445]","[204, 408]","[274, 453]","[279, 510]"
Neutral,"[288, 360]","[237, 412]","[213, 362]","[305, 404]","[268, 494]"
Neutral,"[241, 379]","[218, 410]","[199, 387]","[262, 404]","[267, 484]"
Neutral,"[276, 418]","[231, 468]","[207, 428]","[305, 461]","[320, 531]"
Neutral,"[328, 402]","[331, 457]","[288, 435]","[377, 418]","[420, 480]"
Neutral,"[269, 401]","[229, 429]","[206, 415]","[291, 430]","[319, 506]"
Neutral,"[262, 425]","[206, 460]","[183, 422]","[283, 462]","[278, 530]"
Neutral,"[267, 348]","[219, 419]","[198, 359]","[294, 411]","[295, 486]"
Neutral,"[284, 414]","[245, 441]","[214, 426]","[313, 439]","[329, 513]"
Neutral,"[300, 348]","[273, 392]","[257, 353]","[309, 385]","[307, 451]"
Neutral,"[224, 353]","[169, 407]","[158, 349]","[247, 412]","[242, 504]"
Neutral,"[275, 412]","[233, 454]","[207, 417]","[316, 447]","[349, 505]"
Neutral,"[257, 374]","[209, 417]","[190, 374]","[273, 413]","[268, 501]"
Neutral,"[277, 380]","[210, 444]","[180, 385]","[311, 439]","[297, 525]"
Neutral,"[247, 358]","[207, 394]","[199, 354]","[255, 407]","[237, 454]"
Neutral,"[243, 371]","[180, 422]","[172, 355]","[245, 431]","[210, 504]"
Neutral,"[268, 355]","[217, 396]","[190, 357]","[299, 389]","[297, 487]"
Neutral,"[408, 343]","[383, 387]","[358, 355]","[425, 379]","[432, 483]"
Neutral,"[270, 394]","[233, 441]","[212, 407]","[290, 441]","[301, 515]"
Neutral,"[152, 356]","[107, 384]","[105, 343]","[169, 401]","[171, 474]"
Neutral,"[260, 399]","[223, 441]","[201, 406]","[284, 432]","[287, 505]"
Neutral,"[158, 417]","[142, 458]","[129, 417]","[192, 452]","[210, 505]"
Neutral,"[275, 353]","[235, 403]","[212, 366]","[302, 401]","[317, 501]"
Neutral,"[257, 371]","[209, 411]","[193, 373]","[275, 412]","[280, 505]"
Neutral,"[266, 355]","[214, 414]","[188, 363]","[295, 413]","[293, 506]"
Neutral,"[279, 372]","[246, 417]","[217, 378]","[307, 406]","[315, 475]"
Neutral,"[338, 388]","[308, 455]","[261, 410]","[384, 431]","[403, 505]"
Neutral,"[280, 340]","[243, 434]","[212, 358]","[317, 411]","[323, 491]"
Neutral,"[267, 412]","[231, 488]","[198, 427]","[319, 461]","[359, 539]"
Neutral,"[289, 400]","[236, 453]","[205, 407]","[321, 440]","[319, 508]"
Neutral,"[238, 350]","[205, 380]","[190, 350]","[254, 380]","[251, 463]"
Neutral,"[267, 386]","[217, 434]","[192, 390]","[303, 423]","[310, 510]"
Neutral,"[269, 339]","[246, 371]","[224, 348]","[299, 368]","[310, 454]"
Neutral,"[242, 393]","[223, 437]","[198, 403]","[283, 420]","[318, 483]"
Neutral,"[275, 365]","[218, 451]","[177, 372]","[321, 432]","[306, 507]"
Neutral,"[276, 394]","[237, 458]","[208, 411]","[307, 436]","[316, 502]"
Neutral,"[267, 367]","[237, 422]","[210, 385]","[298, 404]","[316, 496]"
Neutral,"[338, 415]","[292, 462]","[267, 423]","[354, 455]","[341, 514]"
Neutral,"[265, 301]","[218, 327]","[194, 299]","[279, 333]","[274, 440]"
Neutral,"[272, 343]","[234, 387]","[208, 351]","[295, 377]","[296, 465]"
Neutral,"[221, 359]","[203, 388]","[184, 367]","[241, 383]","[254, 462]"
Neutral,"[292, 377]","[262, 450]","[223, 405]","[333, 421]","[340, 505]"
Neutral,"[219, 327]","[174, 381]","[164, 328]","[230, 392]","[222, 476]"
Neutral,"[279, 423]","[238, 464]","[206, 438]","[317, 457]","[336, 539]"
Neutral,"[292, 377]","[262, 450]","[223, 405]","[333, 421]","[340, 505]"
Neutral,"[379, 323]","[358, 385]","[326, 345]","[405, 362]","[427, 472]"
Neutral,"[266, 367]","[231, 402]","[210, 373]","[290, 398]","[302, 484]"
Neutral,"[282, 391]","[228, 449]","[195, 403]","[320, 440]","[324, 527]"
Neutral,"[343, 381]","[295, 440]","[274, 379]","[340, 425]","[294, 504]"
Neutral,"[234, 360]","[193, 392]","[175, 366]","[261, 390]","[264, 485]"
Neutral,"[151, 394]","[121, 422]","[114, 393]","[184, 426]","[207, 510]"
Neutral,"[260, 364]","[212, 418]","[186, 365]","[287, 413]","[295, 502]"
Neutral,"[255, 394]","[212, 458]","[180, 400]","[300, 440]","[315, 504]"
Neutral,"[209, 375]","[158, 423]","[142, 366]","[231, 418]","[232, 503]"
Neutral,"[222, 361]","[178, 386]","[167, 356]","[238, 400]","[211, 463]"
Neutral,"[410, 324]","[410, 426]","[341, 393]","[465, 367]","[482, 478]"
Neutral,"[310, 388]","[269, 423]","[234, 399]","[333, 402]","[335, 482]"
Neutral,"[270, 396]","[230, 429]","[206, 401]","[296, 424]","[316, 506]"
Neutral,"[268, 365]","[227, 415]","[209, 371]","[284, 414]","[281, 509]"
Neutral,"[199, 369]","[165, 411]","[147, 373]","[229, 401]","[242, 487]"
Neutral,"[260, 364]","[212, 418]","[186, 365]","[287, 413]","[295, 502]"
Neutral,"[248, 384]","[194, 412]","[172, 379]","[266, 412]","[253, 507]"
Neutral,"[264, 386]","[228, 446]","[199, 404]","[297, 436]","[309, 513]"
Neutral,"[283, 367]","[221, 445]","[187, 358]","[310, 422]","[274, 503]"
Neutral,"[275, 345]","[235, 410]","[203, 361]","[306, 404]","[316, 504]"
Neutral,"[281, 343]","[245, 382]","[219, 350]","[309, 374]","[318, 464]"
Neutral,"[266, 371]","[224, 417]","[205, 376]","[295, 404]","[316, 501]"
Neutral,"[248, 384]","[194, 412]","[172, 379]","[266, 412]","[253, 507]"
Neutral,"[288, 396]","[256, 444]","[241, 399]","[303, 439]","[302, 501]"
Neutral,"[273, 402]","[231, 460]","[204, 415]","[304, 451]","[309, 521]"
Neutral,"[290, 326]","[244, 382]","[218, 337]","[316, 381]","[316, 483]"
Neutral,"[270, 375]","[226, 431]","[204, 382]","[295, 419]","[304, 501]"
Neutral,"[242, 393]","[223, 437]","[198, 403]","[283, 420]","[318, 483]"
Neutral,"[270, 381]","[224, 443]","[200, 385]","[287, 426]","[282, 497]"
Neutral,"[241, 379]","[218, 410]","[199, 387]","[262, 404]","[267, 484]"
Neutral,"[276, 418]","[231, 468]","[207, 428]","[305, 461]","[320, 531]"
Neutral,"[286, 384]","[249, 433]","[225, 393]","[311, 418]","[323, 494]"
Neutral,"[277, 423]","[252, 413]","[230, 436]","[295, 424]","[326, 509]"
Neutral,"[264, 347]","[224, 400]","[204, 353]","[284, 392]","[280, 477]"
Neutral,"[275, 367]","[241, 427]","[217, 378]","[304, 412]","[317, 502]"
Neutral,"[290, 374]","[244, 439]","[215, 377]","[322, 423]","[316, 478]"
Neutral,"[263, 371]","[218, 419]","[198, 376]","[287, 408]","[290, 503]"
Neutral,"[288, 357]","[249, 434]","[216, 378]","[327, 418]","[339, 510]"
Neutral,"[283, 363]","[249, 402]","[217, 374]","[315, 393]","[321, 500]"
Neutral,"[283, 355]","[257, 422]","[232, 375]","[309, 405]","[325, 476]"
Neutral,"[214, 273]","[206, 329]","[170, 302]","[259, 298]","[305, 382]"
Neutral,"[344, 317]","[327, 367]","[298, 343]","[367, 352]","[374, 433]"
Neutral,"[264, 382]","[235, 429]","[209, 385]","[296, 407]","[311, 469]"
Neutral,"[280, 372]","[234, 441]","[209, 386]","[311, 430]","[323, 510]"
Neutral,"[272, 343]","[234, 387]","[208, 351]","[295, 377]","[296, 465]"
Neutral,"[271, 385]","[234, 454]","[206, 400]","[303, 442]","[316, 515]"
Neutral,"[279, 394]","[223, 454]","[199, 398]","[299, 450]","[268, 510]"
Neutral,"[259, 365]","[223, 410]","[200, 372]","[286, 401]","[297, 500]"
Neutral,"[266, 372]","[234, 422]","[207, 382]","[297, 409]","[307, 496]"
Neutral,"[275, 345]","[235, 410]","[203, 361]","[306, 404]","[316, 504]"
Neutral,"[262, 364]","[216, 430]","[184, 374]","[311, 420]","[314, 507]"
Neutral,"[280, 369]","[243, 405]","[221, 373]","[301, 396]","[310, 490]"
Neutral,"[246, 371]","[192, 417]","[175, 369]","[255, 416]","[243, 508]"
Neutral,"[284, 449]","[229, 463]","[201, 460]","[313, 474]","[313, 557]"
Neutral,"[298, 363]","[309, 421]","[264, 400]","[359, 373]","[421, 444]"
Neutral,"[280, 382]","[235, 429]","[205, 391]","[309, 418]","[314, 499]"
Neutral,"[257, 371]","[209, 411]","[193, 373]","[275, 412]","[280, 505]"
Neutral,"[276, 353]","[236, 401]","[208, 365]","[303, 395]","[299, 488]"
Neutral,"[237, 390]","[205, 423]","[174, 401]","[279, 412]","[300, 507]"
Neutral,"[305, 331]","[278, 373]","[254, 346]","[329, 364]","[342, 439]"
Neutral,"[273, 353]","[259, 417]","[229, 378]","[309, 389]","[338, 451]"
Neutral,"[291, 390]","[247, 438]","[214, 398]","[344, 421]","[368, 500]"
Neutral,"[291, 375]","[260, 436]","[232, 388]","[330, 415]","[352, 491]"
Neutral,"[261, 382]","[269, 440]","[232, 409]","[315, 398]","[387, 468]"
Neutral,"[264, 389]","[216, 435]","[191, 389]","[290, 427]","[278, 506]"
Neutral,"[261, 352]","[233, 417]","[206, 371]","[289, 407]","[303, 479]"
Neutral,"[284, 322]","[236, 421]","[203, 340]","[318, 409]","[323, 507]"
Neutral,"[236, 359]","[201, 408]","[168, 371]","[269, 391]","[275, 480]"
Neutral,"[258, 386]","[206, 440]","[186, 386]","[289, 441]","[279, 513]"
Neutral,"[268, 374]","[232, 444]","[207, 384]","[303, 429]","[314, 504]"
Neutral,"[260, 352]","[221, 427]","[200, 363]","[288, 420]","[283, 503]"
Neutral,"[158, 356]","[137, 374]","[132, 349]","[183, 386]","[206, 470]"
Neutral,"[250, 393]","[224, 454]","[199, 409]","[299, 440]","[345, 502]"
Neutral,"[241, 379]","[218, 410]","[199, 387]","[262, 404]","[267, 484]"
Neutral,"[212, 353]","[172, 373]","[162, 350]","[236, 373]","[225, 460]"
Neutral,"[288, 351]","[232, 393]","[216, 350]","[301, 397]","[289, 505]"
Neutral,"[267, 332]","[211, 386]","[178, 339]","[306, 374]","[308, 486]"
Neutral,"[282, 385]","[238, 432]","[209, 389]","[313, 423]","[306, 505]"
Neutral,"[238, 386]","[186, 440]","[167, 379]","[269, 440]","[253, 508]"
Neutral,"[277, 349]","[231, 426]","[198, 360]","[315, 408]","[309, 491]"
Neutral,"[214, 333]","[189, 373]","[178, 339]","[244, 372]","[270, 469]"
Neutral,"[266, 397]","[214, 449]","[190, 398]","[292, 434]","[281, 508]"
Neutral,"[214, 273]","[206, 329]","[170, 302]","[259, 298]","[305, 382]"
Neutral,"[277, 348]","[241, 406]","[208, 360]","[310, 386]","[315, 499]"
Neutral,"[280, 360]","[234, 403]","[221, 352]","[281, 390]","[251, 449]"
Neutral,"[257, 331]","[206, 421]","[179, 346]","[296, 403]","[304, 505]"
Neutral,"[264, 384]","[232, 417]","[213, 387]","[287, 405]","[288, 469]"
Neutral,"[264, 366]","[233, 436]","[207, 384]","[296, 432]","[308, 515]"
Neutral,"[380, 321]","[348, 388]","[325, 335]","[389, 374]","[375, 445]"
Neutral,"[253, 382]","[202, 429]","[186, 379]","[269, 432]","[249, 515]"
Neutral,"[300, 301]","[296, 347]","[268, 325]","[337, 320]","[377, 379]"
Neutral,"[378, 321]","[347, 374]","[327, 330]","[386, 365]","[382, 435]"
Neutral,"[203, 376]","[171, 402]","[150, 383]","[233, 396]","[250, 486]"
Neutral,"[326, 305]","[275, 324]","[274, 288]","[316, 342]","[277, 415]"
Neutral,"[238, 348]","[221, 388]","[199, 361]","[267, 371]","[288, 430]"
Neutral,"[206, 373]","[183, 420]","[163, 383]","[238, 408]","[258, 495]"
Neutral,"[278, 368]","[249, 415]","[225, 385]","[308, 401]","[337, 496]"
Neutral,"[128, 401]","[94, 428]","[88, 394]","[152, 446]","[166, 500]"
Neutral,"[312, 344]","[276, 407]","[246, 360]","[341, 386]","[338, 449]"
Neutral,"[276, 395]","[237, 449]","[207, 409]","[307, 442]","[324, 524]"
Neutral,"[283, 363]","[249, 402]","[217, 374]","[315, 393]","[321, 500]"
Neutral,"[261, 373]","[219, 415]","[201, 372]","[286, 408]","[289, 494]"
Neutral,"[290, 369]","[262, 410]","[224, 387]","[330, 391]","[369, 503]"
Neutral,"[274, 395]","[227, 448]","[200, 396]","[292, 438]","[267, 510]"
Neutral,"[252, 385]","[215, 450]","[196, 392]","[287, 447]","[301, 509]"
Neutral,"[281, 328]","[248, 395]","[220, 346]","[307, 381]","[307, 460]"
Neutral,"[268, 379]","[228, 447]","[204, 389]","[300, 437]","[309, 507]"
Neutral,"[228, 327]","[202, 431]","[176, 356]","[272, 413]","[295, 503]"
Neutral,"[255, 386]","[220, 428]","[202, 393]","[289, 419]","[313, 505]"
Neutral,"[307, 326]","[282, 356]","[259, 334]","[328, 349]","[332, 438]"
Neutral,"[267, 407]","[214, 443]","[191, 420]","[293, 445]","[301, 534]"
Neutral,"[192, 396]","[163, 438]","[151, 398]","[216, 440]","[230, 498]"
Neutral,"[205, 374]","[167, 422]","[149, 378]","[243, 417]","[252, 500]"
Neutral,"[216, 395]","[189, 437]","[173, 404]","[243, 429]","[261, 491]"
Neutral,"[292, 377]","[262, 450]","[223, 405]","[333, 421]","[340, 505]"
Neutral,"[267, 405]","[266, 464]","[233, 444]","[313, 423]","[357, 483]"
Neutral,"[318, 375]","[291, 431]","[251, 400]","[352, 409]","[370, 509]"
Neutral,"[296, 413]","[231, 433]","[200, 423]","[321, 436]","[324, 513]"
Neutral,"[277, 381]","[233, 441]","[209, 392]","[301, 435]","[307, 513]"
Neutral,"[215, 404]","[171, 429]","[154, 397]","[239, 428]","[229, 508]"
Neutral,"[280, 340]","[243, 434]","[212, 358]","[317, 411]","[323, 491]"
Neutral,"[237, 390]","[205, 423]","[174, 401]","[279, 412]","[300, 507]"
Neutral,"[311, 340]","[275, 397]","[239, 360]","[332, 378]","[323, 488]"
Neutral,"[287, 382]","[255, 447]","[224, 400]","[320, 432]","[350, 508]"
Neutral,"[269, 348]","[231, 408]","[205, 363]","[295, 400]","[308, 505]"
Neutral,"[265, 301]","[218, 327]","[194, 299]","[279, 333]","[274, 440]"
Neutral,"[249, 395]","[211, 412]","[198, 386]","[258, 415]","[237, 490]"
Neutral,"[263, 312]","[232, 351]","[218, 323]","[277, 350]","[280, 449]"
Neutral,"[365, 320]","[317, 374]","[299, 329]","[367, 381]","[337, 471]"
Neutral,"[280, 357]","[243, 414]","[214, 367]","[309, 402]","[309, 482]"
Neutral,"[275, 364]","[238, 407]","[216, 368]","[300, 394]","[308, 465]"
Neutral,"[251, 393]","[199, 445]","[174, 394]","[278, 435]","[265, 504]"
Neutral,"[202, 316]","[167, 353]","[159, 314]","[213, 356]","[202, 410]"
Neutral,"[266, 381]","[229, 432]","[204, 389]","[293, 425]","[306, 509]"
Neutral,"[179, 386]","[125, 437]","[118, 382]","[195, 440]","[218, 511]"
Neutral,"[263, 385]","[199, 444]","[188, 378]","[278, 443]","[241, 508]"
Neutral,"[272, 394]","[230, 440]","[206, 402]","[309, 431]","[315, 513]"
Neutral,"[258, 332]","[222, 385]","[198, 341]","[288, 373]","[296, 476]"
Neutral,"[363, 353]","[314, 405]","[296, 347]","[373, 395]","[346, 473]"
Neutral,"[235, 374]","[181, 412]","[176, 366]","[250, 426]","[231, 504]"
Neutral,"[281, 364]","[235, 426]","[211, 373]","[288, 421]","[277, 502]"
Neutral,"[279, 355]","[233, 387]","[205, 361]","[311, 382]","[314, 500]"
Neutral,"[345, 325]","[320, 357]","[308, 331]","[346, 349]","[326, 396]"
Neutral,"[285, 375]","[232, 423]","[205, 376]","[313, 410]","[308, 502]"
Neutral,"[276, 363]","[232, 436]","[204, 370]","[306, 419]","[311, 500]"
Neutral,"[288, 365]","[255, 416]","[227, 374]","[306, 412]","[308, 504]"
Neutral,"[233, 407]","[209, 441]","[193, 403]","[278, 446]","[305, 516]"
Neutral,"[245, 344]","[189, 405]","[173, 343]","[270, 403]","[252, 487]"
Neutral,"[258, 392]","[213, 439]","[191, 398]","[285, 437]","[282, 503]"
Neutral,"[267, 372]","[225, 432]","[199, 381]","[297, 418]","[299, 503]"
Neutral,"[275, 381]","[221, 448]","[183, 393]","[310, 435]","[315, 504]"
Neutral,"[314, 308]","[287, 346]","[267, 317]","[326, 340]","[319, 426]"
Neutral,"[293, 372]","[252, 423]","[222, 382]","[314, 412]","[304, 497]"
Neutral,"[232, 361]","[186, 410]","[179, 360]","[238, 416]","[214, 483]"
Neutral,"[174, 348]","[135, 385]","[117, 350]","[206, 383]","[215, 492]"
Neutral,"[269, 374]","[227, 424]","[199, 382]","[278, 408]","[268, 498]"
Neutral,"[275, 364]","[234, 420]","[210, 374]","[295, 410]","[299, 504]"
Neutral,"[284, 270]","[281, 363]","[233, 311]","[341, 322]","[396, 407]"
Sad,"[229, 363]","[226, 460]","[193, 388]","[284, 436]","[310, 509]"
Sad,"[272, 364]","[233, 432]","[209, 370]","[304, 415]","[317, 505]"
Sad,"[291, 342]","[251, 416]","[220, 360]","[320, 408]","[324, 500]"
Sad,"[381, 319]","[341, 356]","[331, 318]","[376, 352]","[346, 414]"
Sad,"[240, 345]","[201, 389]","[184, 352]","[263, 399]","[267, 496]"
Sad,"[243, 398]","[179, 425]","[162, 383]","[253, 431]","[221, 509]"
Sad,"[255, 350]","[250, 421]","[199, 390]","[322, 362]","[382, 461]"
Sad,"[344, 394]","[320, 443]","[296, 406]","[358, 429]","[352, 495]"
Sad,"[297, 341]","[218, 398]","[180, 342]","[336, 394]","[330, 506]"
Sad,"[286, 386]","[226, 454]","[191, 381]","[323, 431]","[301, 512]"
Sad,"[183, 393]","[114, 396]","[128, 353]","[173, 433]","[113, 508]"
Sad,"[259, 368]","[179, 376]","[172, 346]","[265, 412]","[218, 507]"
Sad,"[281, 393]","[230, 442]","[197, 400]","[313, 433]","[308, 504]"
Sad,"[271, 354]","[227, 402]","[203, 359]","[297, 388]","[291, 455]"
Sad,"[216, 313]","[180, 434]","[147, 333]","[273, 406]","[289, 512]"
Sad,"[268, 394]","[228, 441]","[209, 398]","[293, 433]","[298, 501]"
Sad,"[239, 402]","[161, 410]","[146, 398]","[260, 436]","[238, 527]"
Sad,"[283, 391]","[237, 419]","[209, 404]","[316, 422]","[340, 503]"
Sad,"[295, 353]","[271, 398]","[247, 366]","[306, 386]","[304, 445]"
Sad,"[224, 390]","[179, 418]","[178, 372]","[243, 434]","[236, 502]"
Sad,"[281, 423]","[237, 426]","[208, 428]","[310, 434]","[325, 508]"
Sad,"[278, 376]","[250, 441]","[222, 398]","[316, 418]","[347, 497]"
Sad,"[274, 371]","[247, 418]","[222, 384]","[309, 407]","[341, 501]"
Sad,"[223, 339]","[184, 390]","[160, 350]","[260, 381]","[269, 488]"
Sad,"[270, 372]","[224, 410]","[200, 374]","[288, 404]","[274, 492]"
Sad,"[315, 388]","[257, 444]","[220, 391]","[340, 420]","[344, 501]"
Sad,"[295, 387]","[256, 439]","[228, 401]","[316, 413]","[316, 487]"
Sad,"[296, 340]","[271, 378]","[241, 357]","[326, 366]","[345, 459]"
Sad,"[308, 381]","[281, 433]","[251, 402]","[321, 412]","[311, 492]"
Sad,"[264, 363]","[214, 403]","[189, 360]","[293, 403]","[275, 481]"
Sad,"[235, 428]","[181, 457]","[162, 427]","[257, 459]","[231, 519]"
Sad,"[191, 340]","[177, 381]","[153, 356]","[224, 365]","[267, 435]"
Sad,"[217, 350]","[209, 386]","[185, 358]","[260, 374]","[293, 456]"
Sad,"[265, 385]","[222, 431]","[208, 389]","[293, 428]","[308, 505]"
Sad,"[355, 390]","[332, 450]","[272, 426]","[413, 419]","[447, 512]"
Sad,"[264, 386]","[236, 409]","[218, 388]","[279, 403]","[282, 478]"
Sad,"[292, 369]","[246, 398]","[227, 366]","[306, 400]","[303, 502]"
Sad,"[136, 366]","[125, 414]","[108, 384]","[181, 399]","[224, 504]"
Sad,"[281, 345]","[250, 432]","[222, 366]","[305, 417]","[303, 486]"
Sad,"[228, 326]","[194, 355]","[174, 328]","[256, 348]","[267, 410]"
Sad,"[277, 350]","[237, 427]","[207, 367]","[310, 405]","[316, 490]"
Sad,"[278, 364]","[252, 410]","[222, 384]","[311, 392]","[332, 471]"
Sad,"[236, 384]","[219, 437]","[191, 396]","[290, 418]","[345, 484]"
Sad,"[294, 399]","[252, 466]","[210, 419]","[347, 440]","[370, 551]"
Sad,"[262, 396]","[199, 450]","[171, 401]","[290, 454]","[270, 530]"
Sad,"[308, 312]","[278, 320]","[268, 305]","[307, 327]","[294, 392]"
Sad,"[143, 398]","[103, 417]","[88, 392]","[154, 423]","[145, 475]"
Sad,"[251, 212]","[219, 276]","[194, 229]","[280, 260]","[286, 352]"
Sad,"[271, 393]","[235, 451]","[212, 402]","[308, 440]","[334, 513]"
Sad,"[247, 366]","[210, 412]","[192, 368]","[284, 410]","[297, 501]"
Sad,"[289, 377]","[258, 398]","[223, 402]","[325, 395]","[357, 520]"
Sad,"[331, 429]","[294, 459]","[275, 436]","[316, 445]","[303, 501]"
Sad,"[289, 362]","[245, 409]","[217, 373]","[311, 403]","[308, 485]"
Sad,"[283, 371]","[247, 439]","[221, 386]","[310, 425]","[319, 497]"
Sad,"[331, 429]","[294, 459]","[275, 436]","[316, 445]","[303, 501]"
Sad,"[239, 348]","[212, 385]","[177, 370]","[287, 375]","[321, 494]"
Sad,"[320, 364]","[296, 405]","[274, 370]","[330, 399]","[311, 454]"
Sad,"[327, 408]","[274, 449]","[257, 398]","[324, 439]","[285, 507]"
Sad,"[276, 372]","[229, 432]","[208, 381]","[297, 430]","[288, 508]"
Sad,"[226, 351]","[176, 404]","[165, 351]","[249, 410]","[251, 509]"
Sad,"[212, 398]","[169, 417]","[162, 396]","[222, 425]","[213, 500]"
Sad,"[281, 386]","[246, 439]","[218, 400]","[310, 420]","[326, 495]"
Sad,"[234, 286]","[178, 387]","[146, 301]","[272, 391]","[278, 502]"
Sad,"[272, 364]","[229, 452]","[187, 366]","[339, 425]","[345, 510]"
Sad,"[160, 351]","[144, 385]","[124, 353]","[190, 368]","[217, 416]"
Sad,"[186, 370]","[152, 401]","[142, 370]","[201, 405]","[202, 472]"
Sad,"[236, 347]","[197, 371]","[180, 339]","[251, 375]","[268, 508]"
Sad,"[212, 398]","[169, 417]","[162, 396]","[222, 425]","[213, 500]"
Sad,"[329, 365]","[283, 453]","[249, 380]","[346, 435]","[335, 499]"
Sad,"[297, 385]","[252, 465]","[215, 401]","[319, 445]","[313, 510]"
Sad,"[274, 385]","[223, 426]","[203, 385]","[264, 423]","[236, 502]"
Sad,"[230, 335]","[173, 374]","[163, 318]","[248, 381]","[239, 479]"
Sad,"[277, 375]","[233, 414]","[212, 377]","[301, 397]","[282, 447]"
Sad,"[294, 399]","[252, 466]","[210, 419]","[347, 440]","[370, 551]"
Sad,"[224, 390]","[179, 418]","[178, 372]","[243, 434]","[236, 502]"
Sad,"[281, 423]","[237, 426]","[208, 428]","[310, 434]","[325, 508]"
Sad,"[248, 338]","[212, 384]","[183, 353]","[282, 367]","[293, 464]"
Sad,"[272, 363]","[231, 411]","[208, 365]","[304, 402]","[312, 475]"
Sad,"[298, 372]","[246, 412]","[236, 362]","[312, 418]","[296, 497]"
Sad,"[339, 343]","[300, 425]","[266, 369]","[378, 403]","[400, 491]"
Sad,"[254, 363]","[229, 408]","[208, 376]","[274, 401]","[284, 456]"
Sad,"[258, 375]","[217, 417]","[189, 392]","[294, 412]","[304, 506]"
Sad,"[247, 366]","[210, 412]","[192, 368]","[284, 410]","[297, 501]"
Sad,"[269, 367]","[225, 409]","[200, 369]","[297, 400]","[293, 500]"
Sad,"[278, 381]","[235, 428]","[212, 386]","[285, 418]","[263, 502]"
Sad,"[236, 350]","[191, 445]","[169, 365]","[268, 435]","[263, 510]"
Sad,"[275, 360]","[223, 399]","[200, 364]","[301, 388]","[297, 491]"
Sad,"[324, 413]","[269, 481]","[227, 427]","[342, 460]","[305, 504]"
Sad,"[276, 342]","[244, 389]","[211, 361]","[302, 376]","[306, 452]"
Sad,"[257, 366]","[216, 402]","[196, 365]","[274, 398]","[263, 475]"
Sad,"[156, 340]","[131, 392]","[124, 334]","[186, 395]","[204, 439]"
Sad,"[294, 365]","[246, 389]","[237, 352]","[292, 391]","[257, 461]"
Sad,"[303, 341]","[268, 383]","[249, 342]","[317, 378]","[322, 453]"
Sad,"[281, 371]","[256, 411]","[242, 378]","[311, 403]","[349, 483]"
Sad,"[282, 425]","[229, 485]","[195, 437]","[313, 473]","[305, 559]"
Sad,"[279, 382]","[232, 442]","[206, 394]","[317, 429]","[320, 511]"
Sad,"[317, 388]","[274, 431]","[246, 397]","[346, 411]","[349, 488]"
Sad,"[257, 336]","[232, 397]","[192, 354]","[303, 367]","[345, 479]"
Sad,"[340, 302]","[303, 359]","[276, 312]","[356, 352]","[358, 467]"
Sad,"[285, 384]","[249, 434]","[229, 388]","[294, 423]","[297, 500]"
Sad,"[270, 345]","[260, 391]","[234, 369]","[300, 370]","[321, 429]"
Sad,"[181, 375]","[164, 442]","[131, 388]","[241, 420]","[289, 500]"
Sad,"[272, 381]","[221, 445]","[197, 385]","[302, 435]","[308, 504]"
Sad,"[194, 363]","[170, 386]","[157, 366]","[220, 382]","[233, 471]"
Sad,"[311, 377]","[270, 440]","[237, 398]","[315, 410]","[294, 489]"
Sad,"[224, 390]","[179, 418]","[178, 372]","[243, 434]","[236, 502]"
Sad,"[273, 351]","[231, 395]","[199, 363]","[297, 383]","[291, 453]"
Sad,"[206, 397]","[153, 408]","[152, 373]","[210, 422]","[171, 482]"
Sad,"[246, 361]","[193, 389]","[175, 357]","[269, 394]","[262, 499]"
Sad,"[264, 427]","[216, 459]","[189, 432]","[285, 451]","[274, 511]"
Sad,"[258, 331]","[220, 401]","[207, 336]","[256, 394]","[237, 451]"
Sad,"[298, 375]","[247, 404]","[227, 375]","[316, 400]","[300, 508]"
Sad,"[174, 313]","[163, 364]","[142, 316]","[222, 359]","[243, 432]"
Sad,"[269, 396]","[233, 445]","[211, 403]","[289, 441]","[289, 504]"
Sad,"[325, 327]","[304, 395]","[264, 361]","[350, 372]","[352, 475]"
Sad,"[287, 302]","[255, 335]","[240, 303]","[287, 333]","[262, 392]"
Sad,"[191, 401]","[158, 425]","[145, 396]","[206, 426]","[194, 502]"
Sad,"[236, 415]","[180, 437]","[159, 413]","[256, 434]","[253, 544]"
Sad,"[308, 374]","[280, 440]","[247, 394]","[326, 420]","[319, 501]"
Sad,"[273, 373]","[236, 429]","[206, 387]","[310, 418]","[319, 508]"
Sad,"[251, 381]","[225, 456]","[196, 401]","[300, 441]","[339, 508]"
Sad,"[183, 354]","[156, 397]","[140, 350]","[222, 395]","[240, 456]"
Sad,"[225, 375]","[148, 439]","[129, 369]","[253, 437]","[223, 525]"
Sad,"[405, 264]","[403, 312]","[364, 300]","[432, 283]","[472, 374]"
Sad,"[280, 362]","[237, 436]","[207, 379]","[313, 419]","[321, 501]"
Sad,"[264, 372]","[206, 430]","[191, 369]","[267, 435]","[244, 510]"
Sad,"[261, 375]","[218, 427]","[196, 380]","[296, 421]","[323, 486]"
Sad,"[339, 343]","[300, 425]","[266, 369]","[378, 403]","[400, 491]"
Sad,"[285, 379]","[234, 429]","[205, 386]","[307, 417]","[299, 504]"
Sad,"[287, 361]","[258, 402]","[236, 373]","[312, 394]","[320, 463]"
Sad,"[290, 421]","[253, 445]","[214, 446]","[318, 424]","[357, 508]"
Sad,"[232, 353]","[224, 394]","[205, 374]","[260, 375]","[280, 451]"
Sad,"[162, 337]","[147, 376]","[138, 343]","[185, 378]","[200, 439]"
Sad,"[275, 353]","[239, 447]","[212, 366]","[311, 430]","[320, 503]"
Sad,"[314, 342]","[255, 406]","[228, 349]","[328, 399]","[307, 504]"
Sad,"[205, 302]","[172, 332]","[160, 302]","[221, 337]","[218, 399]"
Sad,"[121, 447]","[111, 470]","[94, 449]","[155, 466]","[202, 507]"
Sad,"[268, 411]","[218, 448]","[203, 408]","[301, 443]","[316, 504]"
Sad,"[331, 429]","[294, 459]","[275, 436]","[316, 445]","[303, 501]"
Sad,"[255, 281]","[238, 332]","[213, 301]","[287, 318]","[318, 397]"
Sad,"[324, 353]","[296, 411]","[263, 369]","[350, 388]","[357, 468]"
Sad,"[238, 394]","[207, 417]","[194, 395]","[250, 418]","[238, 468]"
Sad,"[265, 436]","[209, 427]","[221, 405]","[247, 459]","[198, 498]"
Sad,"[247, 343]","[218, 394]","[199, 352]","[268, 390]","[274, 457]"
Sad,"[256, 386]","[223, 424]","[201, 394]","[289, 411]","[303, 509]"
Sad,"[241, 285]","[230, 350]","[195, 319]","[292, 306]","[338, 439]"
Sad,"[245, 368]","[190, 430]","[167, 375]","[274, 429]","[248, 507]"
Sad,"[303, 274]","[282, 333]","[233, 306]","[339, 302]","[366, 410]"
Sad,"[269, 377]","[220, 434]","[201, 383]","[297, 424]","[298, 503]"
Sad,"[328, 412]","[265, 437]","[263, 390]","[303, 452]","[258, 507]"
Sad,"[232, 393]","[174, 429]","[155, 385]","[260, 423]","[250, 501]"
Sad,"[267, 312]","[245, 448]","[191, 355]","[331, 402]","[362, 495]"
Sad,"[289, 375]","[259, 413]","[227, 390]","[326, 401]","[349, 492]"
Sad,"[277, 375]","[235, 436]","[207, 387]","[309, 422]","[322, 502]"
Sad,"[240, 385]","[197, 439]","[183, 386]","[247, 435]","[245, 501]"
Sad,"[208, 187]","[180, 226]","[164, 183]","[226, 216]","[218, 275]"
Sad,"[260, 312]","[236, 381]","[210, 324]","[292, 365]","[297, 445]"
Sad,"[332, 256]","[323, 292]","[302, 271]","[358, 276]","[380, 326]"
Sad,"[283, 366]","[244, 443]","[207, 382]","[327, 419]","[342, 499]"
Sad,"[231, 393]","[173, 427]","[164, 380]","[255, 434]","[249, 511]"
Sad,"[229, 412]","[168, 447]","[161, 398]","[242, 455]","[220, 520]"
Sad,"[254, 381]","[195, 408]","[170, 384]","[270, 415]","[265, 511]"
Sad,"[333, 426]","[294, 460]","[280, 423]","[328, 456]","[293, 502]"
Sad,"[137, 293]","[106, 327]","[93, 293]","[140, 321]","[118, 358]"
Sad,"[268, 371]","[223, 405]","[206, 371]","[286, 410]","[276, 477]"
Sad,"[228, 338]","[219, 399]","[192, 344]","[279, 380]","[336, 454]"
Sad,"[319, 344]","[295, 448]","[234, 385]","[378, 403]","[385, 499]"
